{"cameraMode":{"drawMode":0,"name":"Shaded","section":"Shading Mode"},"sceneLighting":true,"audioPlay":false,"sceneViewState":{"showFog":false,"showMaterialUpdate":false,"showSkybox":false,"showFlares":false,"showImageEffects":false,"showParticleSystems":false},"in2DMode":false,"pivot":{"x":634.6641235351563,"y":529.2718505859375,"z":78.93798828125},"rotation":{"x":0.06775137782096863,"y":0.014961148612201214,"z":-0.001015935791656375,"w":0.9975895881652832},"size":1179.7943115234375,"orthographic":false}